Student_ID,Name,Department,Grade,Attendance (%),Semester,Result_Date,Remarks,Maths,Physics,Chemistry,Programming,Electronics,Mechanics
S1000,Priya,CSE,C,82,4,2023-05-23,Good,83,87,97,100,45,77
S1001,Ravi,CSE,A,77,4,2023-08-27,Good,75,52,85,81,84,74
S1002,Ravi,ECE,D,93,5,2023-01-07,Needs improvement,84,67,61,57,49,53
S1003,Anjali,CSE,A,87,2,2024-01-03,Excellent,78,56,91,42,86,69
S1004,Kiran,CSE,D,77,5,2024-10-05,Excellent,76,52,85,44,42,82
S1005,Sneha,ME,A,82,2,2024-01-25,Excellent,69,80,93,63,50,63
S1006,Anjali,ECE,C,97,2,2024-09-15,Needs improvement,74,86,55,50,69,64
S1007,Mohit,IT,F,82,6,2023-02-27,Needs improvement,92,42,91,60,65,57
S1008,Priya,ECE,F,97,6,2023-08-06,Average,65,96,98,81,69,49
S1009,Mohit,ECE,B,98,5,2024-08-21,Average,97,77,65,63,54,48
S1010,Kiran,CE,A,99,1,2023-04-23,Needs improvement,80,50,90,83,67,78
S1011,Priya,CE,D,94,8,2024-06-25,Excellent,75,95,100,40,83,86
S1012,Priya,IT,F,99,5,2024-10-18,Excellent,47,58,67,50,69,40
S1013,Mohit,EEE,B,91,2,2024-10-02,Excellent,93,80,72,78,52,49
S1014,Anjali,ECE,F,99,1,2024-09-05,Excellent,71,41,47,99,63,96
S1015,Mohit,ECE,A,82,2,2023-03-29,Average,92,44,88,74,89,48
S1016,Rahul,IT,D,92,3,2023-09-29,Average,53,99,74,88,86,84
S1017,Sneha,IT,C,87,6,2024-03-24,Average,47,55,54,44,61,41
S1018,Divya,EEE,B,93,4,2023-01-08,Good,85,80,43,54,44,97
S1019,Amit,ME,A,91,4,2023-10-13,Average,53,74,48,86,99,96
S1020,Divya,EEE,D,82,8,2024-02-21,Needs improvement,46,46,82,67,62,67
S1021,Ravi,CE,A,96,2,2023-03-04,Average,86,61,91,95,46,55
S1022,Sneha,ECE,F,89,3,2024-03-08,Needs improvement,57,69,55,95,99,44
S1023,Neha,EEE,A,76,1,2023-04-06,Needs improvement,50,66,71,70,53,95
S1024,Ravi,CSE,B,87,1,2024-02-04,Excellent,99,90,90,69,58,67
S1025,Kiran,IT,D,79,4,2023-10-31,Needs improvement,43,77,87,74,43,87
S1026,Anjali,CSE,A,93,8,2024-05-29,Needs improvement,43,72,45,94,51,44
S1027,Divya,CSE,B,87,2,2024-08-06,Needs improvement,77,78,42,79,45,66
S1028,Divya,EEE,F,85,5,2023-07-29,Excellent,55,56,65,48,82,81
S1029,Mohit,CE,C,99,2,2023-01-10,Average,79,76,46,44,74,53
S1030,Kiran,ME,B,86,2,2023-09-08,Excellent,58,50,68,93,74,85
S1031,Mohit,EEE,F,75,5,2024-11-10,Good,100,96,48,56,47,96
S1032,Priya,IT,F,79,5,2023-10-16,Needs improvement,85,61,53,83,80,94
S1033,Mohit,EEE,D,83,1,2023-04-05,Average,93,57,42,40,61,89
S1034,Rahul,IT,C,80,8,2024-07-18,Average,75,40,47,44,100,96
S1035,Rahul,EEE,A,86,3,2024-03-16,Needs improvement,42,59,63,97,99,90
S1036,Amit,ME,B,96,4,2024-11-13,Good,62,89,75,96,95,66
S1037,Divya,IT,B,82,3,2023-07-01,Average,41,51,87,99,61,90
S1038,Ravi,IT,B,83,3,2024-12-19,Good,64,95,42,94,70,54
S1039,Sneha,CE,C,84,4,2023-08-17,Good,82,52,65,61,57,95
S1040,Priya,ME,C,95,7,2024-11-26,Excellent,100,41,47,96,56,51
S1041,Divya,ME,A,78,7,2023-12-20,Excellent,67,78,72,47,64,97
S1042,Divya,ECE,C,76,7,2023-01-02,Needs improvement,63,67,44,100,82,98
S1043,Anjali,EEE,C,96,2,2023-11-04,Excellent,82,66,60,65,84,58
S1044,Kiran,ECE,B,88,7,2024-11-24,Needs improvement,79,76,59,65,75,93
S1045,Amit,ME,C,81,7,2024-08-16,Excellent,69,68,68,83,53,72
S1046,Neha,IT,B,96,2,2023-10-18,Excellent,45,92,100,88,55,83
S1047,Mohit,ECE,B,79,1,2023-02-17,Needs improvement,70,79,94,89,44,69
S1048,Ravi,IT,F,81,7,2024-05-21,Average,55,49,81,84,40,97
S1049,Priya,CE,B,80,8,2023-02-21,Needs improvement,98,94,47,69,48,91
S1050,Neha,IT,F,92,6,2024-03-29,Average,93,98,75,68,97,50
S1051,Neha,CE,C,99,4,2024-10-14,Excellent,89,89,73,71,80,55
S1052,Mohit,CE,A,97,5,2023-08-29,Excellent,61,60,97,74,45,48
S1053,Rahul,ECE,D,97,3,2024-12-24,Needs improvement,44,66,66,61,74,69
S1054,Ravi,CSE,B,88,7,2024-08-21,Good,94,96,88,76,64,70
S1055,Amit,ME,C,99,7,2024-03-05,Needs improvement,71,54,57,67,71,41
S1056,Ravi,ME,D,98,3,2024-04-23,Needs improvement,79,74,41,98,65,77
S1057,Divya,IT,A,77,7,2023-05-19,Average,51,43,56,64,60,53
S1058,Neha,ME,C,99,7,2023-10-12,Average,56,93,45,70,41,87
S1059,Kiran,CSE,C,82,2,2024-10-29,Good,88,41,100,55,52,93
S1060,Amit,EEE,B,82,3,2024-04-29,Good,76,100,53,69,84,56
S1061,Anjali,ECE,F,94,2,2023-06-17,Excellent,46,77,41,99,59,76
S1062,Ravi,CE,B,77,4,2023-04-15,Excellent,94,83,78,91,47,90
S1063,Divya,CSE,C,92,7,2024-11-08,Excellent,44,72,81,61,40,94
S1064,Ravi,CE,A,88,6,2024-10-12,Average,85,49,67,51,86,73
S1065,Mohit,EEE,F,99,8,2024-04-21,Average,92,86,77,57,60,94
S1066,Sneha,CSE,C,89,4,2024-04-20,Average,61,41,71,94,60,51
S1067,Neha,ECE,C,100,5,2023-12-15,Excellent,96,78,84,96,57,75
S1068,Amit,EEE,B,77,4,2024-02-21,Average,75,88,55,84,70,81
S1069,Neha,CE,A,77,5,2023-08-15,Average,84,55,59,82,77,63
S1070,Neha,EEE,F,86,7,2024-07-17,Excellent,62,84,69,57,59,56
S1071,Sneha,CSE,B,85,2,2024-07-02,Needs improvement,52,53,87,70,57,86
S1072,Divya,EEE,F,84,2,2023-07-18,Excellent,54,63,51,59,40,85
S1073,Kiran,ECE,C,76,1,2024-07-20,Excellent,84,100,48,80,95,88
S1074,Neha,CSE,A,93,5,2024-04-25,Average,68,61,51,43,56,100
S1075,Neha,CSE,A,87,8,2023-03-17,Good,49,49,91,76,100,59
S1076,Priya,ECE,A,92,7,2024-09-12,Needs improvement,89,73,64,68,98,68
S1077,Mohit,EEE,D,84,1,2024-09-16,Good,100,88,53,80,53,56
S1078,Priya,ECE,B,80,2,2023-06-10,Good,66,68,84,78,70,58
S1079,Amit,ECE,C,97,5,2024-12-20,Average,44,83,54,99,56,90
S1080,Divya,IT,B,88,2,2024-07-11,Needs improvement,81,49,98,57,92,49
S1081,Priya,CSE,B,100,5,2024-09-01,Excellent,68,47,69,84,59,84
S1082,Ravi,ME,F,92,8,2024-03-24,Good,78,42,96,67,87,60
S1083,Divya,ME,A,77,4,2024-11-21,Good,88,83,92,57,76,42
S1084,Rahul,CE,F,95,8,2023-10-12,Needs improvement,77,67,80,92,71,45
S1085,Neha,ME,D,85,6,2024-11-17,Good,94,50,61,66,84,71
S1086,Mohit,IT,D,99,1,2024-04-10,Good,60,56,60,47,89,65
S1087,Kiran,CSE,F,89,7,2023-02-25,Needs improvement,73,63,79,88,71,80
S1088,Neha,CSE,B,83,3,2023-10-22,Average,96,84,71,47,41,80
S1089,Divya,ECE,B,84,1,2024-07-19,Average,45,54,93,98,47,69
S1090,Priya,IT,B,90,5,2024-06-05,Excellent,66,93,70,70,55,69
S1091,Kiran,ECE,D,81,3,2023-03-13,Excellent,89,90,94,66,61,99
S1092,Kiran,ME,A,84,5,2024-08-24,Average,95,49,68,74,70,62
S1093,Anjali,EEE,F,87,8,2023-11-26,Needs improvement,84,55,76,64,54,94
S1094,Ravi,CSE,C,98,8,2024-12-23,Average,64,82,90,92,81,49
S1095,Neha,CSE,B,91,6,2023-04-13,Average,46,73,98,69,40,86
S1096,Rahul,CE,B,77,8,2023-09-29,Excellent,79,84,65,81,45,94
S1097,Anjali,IT,F,87,6,2024-10-03,Average,95,74,42,79,44,55
S1098,Mohit,ECE,A,88,2,2024-10-10,Good,68,50,84,59,97,41
S1099,Amit,ME,A,84,6,2024-01-19,Average,49,55,73,66,76,83
S1100,Rahul,ECE,B,77,7,2024-09-26,Needs improvement,71,98,77,49,54,69
S1101,Mohit,CE,C,96,1,2024-04-21,Excellent,83,74,50,44,68,100
S1102,Anjali,EEE,C,95,7,2024-12-07,Excellent,69,94,59,52,64,94
S1103,Neha,CSE,B,87,6,2024-08-11,Excellent,84,58,41,93,82,65
S1104,Mohit,CSE,F,96,1,2024-09-12,Average,93,97,97,58,89,91
S1105,Sneha,EEE,C,82,4,2024-09-27,Excellent,83,88,86,89,82,83
S1106,Rahul,IT,A,95,1,2023-11-13,Average,42,77,63,86,48,45
S1107,Mohit,ME,D,80,4,2023-05-16,Excellent,73,72,98,57,93,50
S1108,Mohit,CE,C,98,6,2023-04-28,Average,44,49,88,54,95,83
S1109,Ravi,EEE,C,77,7,2023-01-15,Excellent,74,47,69,63,83,87
S1110,Mohit,EEE,D,95,6,2023-04-21,Needs improvement,70,41,79,96,100,75
S1111,Anjali,EEE,B,95,2,2024-10-12,Average,98,84,59,81,66,47
S1112,Rahul,CSE,A,84,8,2023-04-29,Good,55,96,74,48,64,69
S1113,Anjali,IT,F,88,3,2024-02-29,Good,93,71,79,66,100,100
S1114,Mohit,CSE,C,81,8,2024-03-31,Needs improvement,94,63,46,83,63,74
S1115,Anjali,CSE,D,83,4,2023-05-06,Average,45,82,53,81,80,78
S1116,Amit,CSE,C,82,3,2024-08-01,Needs improvement,44,93,88,75,53,77
S1117,Sneha,ECE,C,99,3,2024-09-02,Good,57,94,49,48,74,56
S1118,Rahul,CSE,A,79,1,2024-01-02,Needs improvement,77,60,41,51,56,43
S1119,Rahul,IT,D,91,2,2023-03-07,Average,68,89,63,72,77,46
S1120,Neha,EEE,B,94,1,2024-11-05,Excellent,69,81,41,43,70,94
S1121,Ravi,CE,A,90,8,2023-03-17,Good,60,78,49,44,48,57
S1122,Divya,IT,F,92,6,2024-01-26,Excellent,69,72,78,67,46,90
S1123,Priya,IT,F,98,4,2024-03-16,Average,96,54,66,61,92,69
S1124,Ravi,CE,A,85,7,2023-11-17,Excellent,63,49,83,99,70,44
S1125,Priya,CSE,A,88,2,2024-01-17,Needs improvement,75,43,77,75,75,61
S1126,Priya,CE,C,96,7,2023-02-22,Excellent,78,59,62,46,76,72
S1127,Sneha,ECE,D,82,2,2023-12-25,Excellent,47,88,57,76,54,91
S1128,Ravi,EEE,F,94,1,2024-09-15,Excellent,41,51,57,84,88,59
S1129,Anjali,ME,A,80,3,2024-08-02,Average,44,49,87,80,41,45
S1130,Kiran,ECE,D,88,8,2023-12-16,Needs improvement,63,59,86,60,89,100
S1131,Divya,EEE,A,76,3,2023-06-11,Good,83,45,57,68,82,67
S1132,Neha,EEE,D,88,5,2023-08-09,Good,62,67,47,58,83,83
S1133,Divya,CE,F,96,5,2023-02-16,Needs improvement,65,78,43,40,53,59
S1134,Sneha,ECE,C,84,6,2023-05-03,Good,71,87,67,51,48,64
S1135,Kiran,IT,B,91,6,2023-03-15,Average,95,87,42,67,41,69
S1136,Priya,ME,F,88,7,2024-12-27,Average,58,47,65,41,60,50
S1137,Divya,CE,C,77,7,2023-04-19,Needs improvement,67,77,65,73,45,65
S1138,Mohit,IT,C,82,6,2023-06-22,Good,72,80,47,73,72,52
S1139,Anjali,ME,B,82,2,2023-05-30,Excellent,52,51,78,49,88,88
S1140,Priya,ECE,D,89,8,2024-11-28,Excellent,95,80,60,49,68,44
S1141,Neha,CE,C,100,5,2024-08-28,Good,62,72,44,59,69,68
S1142,Amit,CSE,C,84,2,2024-10-22,Good,79,78,72,64,69,77
S1143,Kiran,IT,A,89,4,2023-11-26,Average,72,49,43,68,46,91
S1144,Anjali,IT,A,91,3,2023-02-10,Needs improvement,85,68,68,73,73,79
S1145,Rahul,ME,C,84,7,2024-02-23,Excellent,83,78,43,90,80,81
S1146,Anjali,CSE,C,78,7,2023-10-18,Excellent,86,94,82,98,78,95
S1147,Rahul,ME,A,93,3,2023-12-25,Excellent,81,84,82,65,48,78
S1148,Priya,ME,F,87,6,2023-05-11,Good,81,82,67,72,63,41
S1149,Anjali,ME,B,81,6,2024-05-12,Needs improvement,54,48,49,44,58,94
S1150,Priya,EEE,F,98,1,2024-11-08,Excellent,96,89,79,48,78,64
S1151,Rahul,ECE,B,97,3,2024-03-24,Good,66,63,83,86,55,68
S1152,Divya,ME,D,82,4,2023-11-13,Average,97,93,52,63,83,100
S1153,Divya,CE,D,99,5,2024-01-27,Average,50,92,52,91,78,48
S1154,Mohit,CSE,D,86,2,2024-12-29,Good,58,45,88,50,57,68
S1155,Kiran,ECE,D,77,4,2024-04-06,Excellent,99,41,66,43,65,72
S1156,Anjali,ECE,D,77,6,2023-08-18,Good,60,99,46,93,85,81
S1157,Anjali,ECE,B,76,5,2024-04-28,Needs improvement,88,85,70,68,79,40
S1158,Priya,CSE,C,81,3,2024-07-15,Average,47,89,58,55,59,47
S1159,Amit,ECE,D,95,8,2023-03-06,Good,93,97,71,78,74,41
S1160,Kiran,EEE,B,97,3,2023-10-26,Average,40,79,62,55,76,66
S1161,Rahul,IT,A,91,6,2023-03-11,Good,64,95,70,42,80,64
S1162,Anjali,ME,A,86,2,2023-12-20,Needs improvement,86,82,80,46,89,77
S1163,Anjali,ECE,A,86,6,2024-10-20,Needs improvement,93,89,83,69,84,70
S1164,Rahul,ECE,A,97,8,2023-02-07,Excellent,52,42,90,52,96,42
S1165,Anjali,ME,F,87,8,2023-09-17,Good,88,81,52,58,62,95
S1166,Amit,IT,C,83,2,2024-01-12,Average,96,65,87,68,97,64
S1167,Anjali,ECE,D,97,8,2024-01-12,Excellent,91,45,86,67,45,67
S1168,Divya,ECE,F,84,6,2023-04-16,Good,60,82,58,59,68,78
S1169,Ravi,ECE,D,86,8,2023-02-13,Excellent,79,67,57,80,90,100
S1170,Amit,CSE,D,86,3,2023-02-01,Needs improvement,94,78,83,90,68,42
S1171,Rahul,CSE,B,99,6,2024-01-06,Average,100,76,42,78,49,83
S1172,Neha,ME,C,89,2,2024-08-10,Needs improvement,73,63,65,60,81,57
S1173,Sneha,CSE,A,98,3,2024-05-26,Average,98,75,47,56,89,56
S1174,Neha,ECE,F,84,8,2023-07-24,Good,48,94,44,68,51,97
S1175,Neha,CSE,C,96,6,2024-12-27,Good,75,74,58,97,59,94
S1176,Rahul,IT,B,100,6,2024-06-04,Needs improvement,47,52,90,48,55,90
S1177,Neha,CSE,C,92,6,2024-04-23,Needs improvement,79,96,45,44,59,65
S1178,Neha,EEE,D,99,7,2024-08-11,Good,48,60,81,44,68,69
S1179,Kiran,ME,B,99,3,2023-05-13,Average,72,98,95,43,93,47
S1180,Kiran,ECE,C,80,3,2023-11-27,Needs improvement,62,100,100,73,97,58
S1181,Priya,ME,B,95,5,2023-05-09,Excellent,79,74,45,72,81,50
S1182,Divya,EEE,B,80,6,2024-07-31,Good,92,95,41,45,42,100
S1183,Divya,ME,B,99,7,2024-09-24,Good,71,96,80,74,58,81
S1184,Mohit,CE,B,100,7,2023-11-01,Average,44,84,43,50,68,66
S1185,Neha,CE,B,85,3,2023-11-17,Excellent,86,95,62,65,48,88
S1186,Anjali,EEE,F,78,6,2023-09-05,Average,47,57,68,55,49,46
S1187,Amit,ME,D,94,7,2023-09-12,Needs improvement,92,60,99,76,86,60
S1188,Sneha,ECE,D,91,8,2024-05-25,Excellent,71,41,45,100,65,72
S1189,Neha,ECE,B,93,6,2023-02-19,Good,58,71,78,96,93,81
S1190,Neha,ME,F,75,2,2024-03-17,Needs improvement,96,56,86,63,88,65
S1191,Anjali,CSE,D,76,4,2024-01-07,Excellent,44,64,72,68,88,75
S1192,Mohit,EEE,F,78,3,2023-04-10,Average,63,90,61,75,100,63
S1193,Rahul,ECE,F,91,7,2024-05-27,Good,42,42,48,85,61,91
S1194,Neha,EEE,D,79,3,2023-12-02,Excellent,50,65,79,87,93,59
S1195,Divya,ME,F,91,8,2024-12-26,Excellent,70,92,41,63,61,83
S1196,Priya,CE,F,84,1,2024-09-03,Average,56,81,90,89,77,76
S1197,Sneha,IT,A,93,8,2023-06-24,Average,49,92,83,55,42,76
S1198,Priya,ECE,A,89,6,2024-03-04,Needs improvement,66,84,53,66,72,89
S1199,Divya,CE,A,97,3,2024-06-15,Needs improvement,75,60,82,70,73,64
S1200,Anjali,ECE,D,92,6,2024-07-13,Excellent,83,89,95,86,83,81
S1201,Mohit,EEE,D,81,4,2023-10-13,Excellent,54,100,59,89,58,85
S1202,Sneha,IT,D,85,8,2023-12-24,Excellent,58,47,76,83,74,64
S1203,Ravi,ME,B,84,1,2023-10-22,Good,62,99,68,81,56,87
S1204,Neha,ECE,B,92,5,2024-07-29,Excellent,48,46,79,87,77,55
S1205,Sneha,CSE,F,82,4,2023-02-23,Good,66,61,85,70,46,83
S1206,Rahul,CSE,F,80,7,2024-10-30,Average,70,81,52,88,58,60
S1207,Mohit,IT,A,99,2,2024-10-29,Needs improvement,74,87,86,94,99,42
S1208,Rahul,CE,B,76,7,2024-05-22,Needs improvement,99,87,95,99,58,96
S1209,Amit,CSE,C,93,2,2023-12-10,Excellent,69,81,74,73,71,96
S1210,Rahul,EEE,D,83,4,2023-04-26,Excellent,50,86,69,81,56,85
S1211,Rahul,CSE,C,100,5,2024-08-04,Needs improvement,51,79,94,80,97,65
S1212,Ravi,EEE,C,77,7,2024-11-16,Good,51,48,70,60,99,55
S1213,Amit,ME,D,82,8,2023-10-01,Excellent,59,77,86,76,40,56
S1214,Anjali,IT,B,76,2,2024-04-21,Excellent,50,65,83,72,99,97
S1215,Mohit,IT,A,95,5,2024-01-12,Needs improvement,54,48,70,49,69,87
S1216,Divya,ME,D,97,8,2024-07-04,Needs improvement,88,55,83,88,78,95
S1217,Priya,EEE,D,91,6,2023-03-21,Good,43,93,75,97,72,52
S1218,Divya,EEE,B,80,6,2024-06-16,Average,47,83,53,85,77,71
S1219,Priya,EEE,D,100,1,2024-04-09,Needs improvement,72,66,69,76,43,75
S1220,Neha,IT,C,98,1,2024-02-10,Excellent,92,40,87,53,77,44
S1221,Amit,CE,C,97,2,2024-07-08,Good,99,97,44,99,70,42
S1222,Mohit,CE,B,99,3,2024-10-18,Average,63,97,64,68,95,98
S1223,Ravi,CE,A,96,3,2024-10-31,Excellent,47,51,74,65,73,48
S1224,Sneha,CSE,A,84,8,2024-11-20,Average,74,64,92,54,55,69
S1225,Anjali,ECE,C,81,2,2023-02-02,Average,79,89,99,96,96,41
S1226,Sneha,ECE,A,78,1,2024-04-02,Good,55,87,42,65,68,54
S1227,Kiran,ECE,A,79,5,2023-08-28,Excellent,76,78,89,83,92,60
S1228,Sneha,ME,B,96,4,2024-02-28,Excellent,57,43,75,100,77,96
S1229,Rahul,IT,D,92,8,2023-02-18,Excellent,100,81,82,64,90,73
S1230,Anjali,IT,D,88,3,2023-11-04,Average,51,88,74,70,55,94
S1231,Sneha,ME,B,100,8,2023-03-01,Average,66,75,73,48,64,55
S1232,Mohit,ECE,C,95,2,2024-04-05,Excellent,45,74,86,93,52,43
S1233,Mohit,CE,F,94,1,2023-03-16,Needs improvement,91,88,77,86,82,75
S1234,Sneha,CE,B,85,5,2023-01-16,Needs improvement,99,52,87,47,87,88
S1235,Neha,ECE,F,97,4,2024-02-11,Needs improvement,75,60,89,58,64,69
S1236,Kiran,IT,C,84,5,2024-01-04,Average,69,46,91,86,70,88
S1237,Anjali,ECE,C,85,7,2023-02-16,Needs improvement,87,49,41,56,75,99
S1238,Divya,EEE,D,84,3,2023-07-20,Excellent,54,64,76,93,55,71
S1239,Kiran,IT,C,83,8,2024-10-19,Average,69,50,86,90,62,50
S1240,Rahul,IT,F,90,3,2024-07-09,Good,73,42,93,94,44,100
S1241,Amit,CSE,D,79,4,2023-03-11,Needs improvement,40,53,72,69,63,43
S1242,Divya,IT,F,90,8,2023-01-17,Good,74,75,66,40,41,73
S1243,Mohit,EEE,C,75,7,2023-07-03,Good,98,46,73,49,55,52
S1244,Divya,EEE,C,86,5,2024-02-11,Good,63,65,69,76,55,84
S1245,Sneha,ME,A,95,1,2023-04-06,Average,64,64,75,70,43,80
S1246,Amit,IT,B,77,8,2024-03-20,Excellent,76,94,46,97,73,98
S1247,Amit,ECE,B,97,8,2023-10-05,Good,99,44,83,99,57,97
S1248,Kiran,EEE,A,80,6,2023-01-17,Needs improvement,77,49,88,92,85,92
S1249,Ravi,CSE,C,80,4,2024-08-03,Average,83,97,74,61,64,88
S1250,Rahul,IT,A,91,6,2023-02-24,Good,67,54,93,44,61,78
S1251,Divya,EEE,D,99,6,2023-01-31,Excellent,90,68,71,54,62,75
S1252,Ravi,CE,B,96,7,2023-03-29,Excellent,91,55,85,44,45,57
S1253,Rahul,CE,B,98,7,2023-11-21,Excellent,46,45,40,100,59,68
S1254,Anjali,ME,A,79,2,2023-07-11,Average,68,75,75,72,66,46
S1255,Amit,CSE,C,92,2,2024-09-03,Excellent,95,64,40,58,66,64
S1256,Priya,IT,F,82,3,2024-12-02,Average,50,48,57,59,57,71
S1257,Rahul,CSE,B,88,5,2024-03-07,Excellent,70,90,44,63,56,100
S1258,Sneha,IT,D,94,4,2024-04-13,Good,48,59,40,100,65,61
S1259,Divya,CE,C,89,6,2024-03-16,Needs improvement,59,60,78,100,84,52
S1260,Neha,ME,B,87,6,2023-10-26,Average,76,90,55,60,64,57
S1261,Ravi,ME,A,93,4,2024-08-29,Needs improvement,83,89,75,41,100,86
S1262,Neha,IT,B,89,5,2024-12-10,Good,92,94,90,90,66,83
S1263,Neha,ECE,C,82,5,2024-11-05,Needs improvement,85,67,90,64,44,68
S1264,Divya,CE,F,87,7,2024-07-10,Good,90,63,84,97,91,74
S1265,Divya,IT,A,78,4,2024-11-04,Excellent,50,81,79,42,76,81
S1266,Ravi,ME,D,78,1,2023-04-11,Excellent,54,72,87,73,75,77
S1267,Divya,ECE,D,86,7,2024-04-19,Needs improvement,62,41,70,46,58,66
S1268,Priya,CSE,B,86,5,2023-12-18,Average,90,53,73,70,62,70
S1269,Priya,CE,D,85,2,2023-11-04,Good,91,85,47,41,94,61
S1270,Priya,IT,B,98,4,2024-06-12,Needs improvement,75,50,61,75,67,69
S1271,Sneha,CE,B,80,7,2024-02-10,Good,87,79,96,52,68,77
S1272,Ravi,CE,A,97,4,2023-07-30,Excellent,88,85,91,90,44,76
S1273,Priya,EEE,B,86,6,2023-07-21,Average,47,56,82,95,71,73
S1274,Anjali,EEE,D,94,7,2024-08-24,Good,62,62,94,69,79,51
S1275,Mohit,EEE,F,77,3,2023-11-17,Good,55,59,47,51,63,84
S1276,Rahul,EEE,D,88,3,2024-08-11,Average,67,51,71,80,74,84
S1277,Rahul,EEE,B,90,5,2023-05-24,Needs improvement,60,93,68,79,43,95
S1278,Anjali,CSE,D,79,4,2024-01-29,Average,66,83,71,66,85,93
S1279,Neha,CE,B,77,1,2023-08-14,Excellent,42,57,54,74,58,50
S1280,Neha,EEE,D,92,2,2024-08-09,Good,57,89,74,92,63,74
S1281,Amit,IT,D,92,4,2024-03-11,Good,87,93,81,88,55,59
S1282,Amit,CE,C,86,2,2024-03-25,Good,89,91,55,53,91,87
S1283,Divya,IT,C,97,7,2023-06-19,Needs improvement,90,53,92,53,91,43
S1284,Divya,ME,F,83,3,2023-11-28,Excellent,58,76,57,100,94,72
S1285,Priya,ECE,D,76,5,2024-11-02,Needs improvement,84,95,48,55,49,85
S1286,Anjali,ECE,D,90,3,2024-08-14,Excellent,80,66,64,68,44,80
S1287,Priya,CE,F,98,5,2024-12-12,Excellent,69,100,71,60,77,40
S1288,Priya,IT,D,95,6,2023-03-06,Average,53,67,92,53,71,57
S1289,Anjali,ME,C,92,3,2024-08-02,Average,90,61,97,83,88,43
S1290,Amit,CSE,D,75,2,2023-06-11,Average,69,40,67,52,84,98
S1291,Rahul,IT,C,80,5,2023-04-06,Excellent,56,45,63,82,97,81
S1292,Rahul,CSE,D,95,5,2024-12-17,Needs improvement,67,81,45,85,46,40
S1293,Sneha,CE,A,79,4,2024-06-15,Average,40,40,84,61,92,47
S1294,Ravi,IT,B,90,2,2023-08-23,Average,45,86,91,46,46,60
S1295,Anjali,ME,B,87,3,2024-10-18,Needs improvement,44,73,76,40,79,81
S1296,Rahul,CE,C,98,4,2024-10-05,Needs improvement,98,66,79,83,68,95
S1297,Sneha,CSE,A,79,2,2024-08-26,Average,62,67,60,90,48,55
S1298,Mohit,IT,A,82,5,2024-12-08,Good,94,94,82,96,59,53
S1299,Kiran,EEE,F,81,7,2023-10-30,Good,90,97,90,55,71,64
S1300,Priya,ECE,D,95,2,2024-06-24,Good,63,99,60,48,64,95
S1301,Divya,CE,C,92,3,2024-04-27,Good,41,77,44,40,56,53
S1302,Amit,CSE,D,91,5,2024-10-05,Average,67,84,65,45,80,74
S1303,Kiran,EEE,B,83,2,2023-11-14,Good,72,98,53,91,49,74
S1304,Anjali,CE,F,95,2,2023-11-14,Average,86,94,55,43,55,45
S1305,Ravi,CSE,D,94,1,2023-11-13,Needs improvement,47,40,85,48,84,40
S1306,Rahul,CE,C,91,5,2023-06-20,Excellent,48,87,89,95,57,86
S1307,Priya,CSE,C,100,7,2023-10-06,Good,56,85,76,80,44,71
S1308,Neha,EEE,C,76,8,2024-08-03,Needs improvement,63,50,56,89,46,97
S1309,Divya,IT,A,82,1,2023-02-15,Good,55,42,70,63,64,98
S1310,Rahul,ECE,A,92,7,2023-08-18,Excellent,55,66,98,86,60,57
S1311,Priya,EEE,C,78,1,2023-07-03,Needs improvement,91,73,42,65,44,96
S1312,Neha,ME,C,85,2,2024-07-20,Average,40,63,52,58,76,90
S1313,Mohit,IT,F,82,8,2024-01-13,Average,89,89,52,86,97,74
S1314,Sneha,ECE,A,88,1,2023-08-27,Excellent,80,93,84,96,40,100
S1315,Anjali,CSE,D,98,5,2023-04-17,Needs improvement,73,55,66,71,43,49
S1316,Mohit,CSE,A,82,7,2024-12-18,Excellent,69,87,45,77,46,72
S1317,Rahul,IT,D,77,1,2024-03-21,Needs improvement,55,58,56,94,60,99
S1318,Ravi,IT,C,85,8,2023-10-06,Needs improvement,44,100,52,48,89,89
S1319,Divya,CSE,B,78,3,2024-04-05,Average,60,66,47,74,62,89
S1320,Sneha,CE,C,89,5,2023-05-03,Good,50,91,83,59,92,85
S1321,Divya,CSE,B,85,3,2023-04-04,Needs improvement,62,65,72,43,83,59
S1322,Mohit,ECE,A,87,8,2024-07-23,Needs improvement,46,69,46,91,90,48
S1323,Priya,CSE,A,99,4,2023-05-14,Needs improvement,92,65,63,83,80,100
S1324,Priya,EEE,F,83,2,2023-01-23,Good,52,97,81,68,91,48
S1325,Priya,ME,A,76,8,2023-02-21,Needs improvement,99,76,67,92,86,65
S1326,Neha,CSE,D,96,7,2023-06-26,Excellent,53,98,51,57,57,68
S1327,Rahul,CSE,F,94,4,2024-10-24,Excellent,71,66,96,75,70,43
S1328,Priya,ME,D,79,7,2023-07-24,Needs improvement,80,91,74,90,41,64
S1329,Anjali,CE,F,100,8,2023-12-19,Excellent,64,57,51,41,60,78
S1330,Sneha,CSE,C,76,8,2024-06-26,Excellent,89,77,54,50,46,55
S1331,Sneha,ME,F,100,1,2023-08-13,Average,62,99,93,94,51,51
S1332,Sneha,EEE,C,100,6,2024-08-28,Good,85,84,62,100,76,76
S1333,Rahul,EEE,B,100,8,2024-07-09,Excellent,51,71,42,45,43,54
S1334,Divya,ECE,A,91,8,2023-01-01,Excellent,98,79,52,91,48,61
S1335,Rahul,ME,A,75,3,2024-08-23,Needs improvement,89,47,94,73,95,63
S1336,Priya,ME,D,93,2,2023-12-11,Excellent,60,48,50,86,100,67
S1337,Neha,IT,C,80,6,2023-08-17,Needs improvement,64,59,86,84,58,48
S1338,Rahul,IT,A,97,7,2024-08-04,Good,51,78,60,98,91,79
S1339,Sneha,IT,F,78,8,2023-05-25,Excellent,87,44,55,62,60,50
S1340,Priya,IT,C,89,1,2023-09-29,Needs improvement,55,84,44,62,56,90
S1341,Priya,IT,A,76,7,2024-03-24,Average,50,96,66,71,96,64
S1342,Anjali,EEE,D,78,8,2024-08-14,Needs improvement,50,68,44,91,94,42
S1343,Mohit,CSE,C,83,2,2023-03-17,Excellent,50,96,64,50,86,44
S1344,Kiran,CSE,C,94,8,2024-12-22,Good,67,100,81,50,78,96
S1345,Ravi,ECE,A,78,6,2023-07-30,Needs improvement,66,84,75,86,99,86
S1346,Kiran,ME,C,84,4,2023-04-09,Good,65,76,75,93,71,49
S1347,Amit,ME,A,88,2,2023-10-29,Average,52,46,41,53,50,80
S1348,Mohit,CSE,D,78,5,2024-02-12,Average,71,97,82,56,45,81
S1349,Kiran,CE,B,86,7,2024-01-14,Needs improvement,68,42,56,68,69,56
S1350,Sneha,ME,F,76,3,2024-12-14,Good,45,82,62,91,74,66
S1351,Divya,ECE,F,76,7,2024-06-19,Average,74,83,95,99,70,76
S1352,Sneha,CE,C,77,7,2023-02-05,Needs improvement,47,100,88,68,51,100
S1353,Rahul,ECE,B,79,1,2024-03-09,Good,83,67,52,92,80,49
S1354,Divya,ME,C,98,2,2023-03-31,Average,75,65,75,60,94,57
S1355,Kiran,CE,A,100,7,2023-04-26,Average,49,49,76,77,77,88
S1356,Priya,CSE,F,99,2,2023-10-20,Excellent,96,66,56,64,81,71
S1357,Divya,EEE,D,76,3,2023-10-10,Average,49,79,78,83,84,65
S1358,Amit,CE,C,97,4,2023-02-20,Average,98,57,97,63,41,61
S1359,Mohit,ME,C,90,2,2023-08-22,Needs improvement,59,87,68,89,92,60
S1360,Mohit,IT,D,94,2,2023-07-12,Average,53,98,92,66,87,71
S1361,Kiran,ME,A,91,3,2023-03-09,Excellent,85,72,65,48,89,94
S1362,Kiran,EEE,A,80,4,2023-07-25,Good,55,42,69,43,98,63
S1363,Sneha,ME,C,89,7,2024-10-12,Good,83,41,55,63,71,78
S1364,Neha,ECE,D,93,6,2023-12-19,Needs improvement,93,97,56,87,93,84
S1365,Priya,ME,A,87,1,2023-06-16,Needs improvement,94,54,81,54,83,53
S1366,Mohit,IT,D,91,1,2024-11-29,Good,70,98,48,81,51,78
S1367,Amit,ECE,C,94,5,2024-12-30,Excellent,67,97,64,94,62,69
S1368,Mohit,ECE,D,84,7,2024-08-21,Good,40,72,82,93,93,63
S1369,Kiran,IT,F,94,5,2023-11-02,Good,70,44,61,57,80,60
S1370,Mohit,ME,C,81,3,2024-06-13,Needs improvement,97,43,91,94,91,91
S1371,Divya,CE,C,96,3,2023-01-27,Average,58,56,98,66,65,64
S1372,Amit,EEE,F,81,6,2024-12-31,Needs improvement,83,74,80,90,70,98
S1373,Anjali,EEE,C,80,3,2023-10-28,Good,70,48,87,56,86,91
S1374,Kiran,ECE,C,95,2,2023-08-16,Excellent,54,87,95,59,66,90
S1375,Anjali,ME,C,93,5,2024-04-19,Good,70,43,95,80,77,77
S1376,Divya,CSE,D,81,2,2024-11-28,Average,73,59,66,43,95,94
S1377,Rahul,ECE,B,85,7,2024-08-06,Average,49,60,95,85,51,89
S1378,Priya,CE,C,95,3,2023-11-17,Good,40,68,57,53,88,89
S1379,Rahul,EEE,B,90,2,2023-05-13,Average,80,67,65,67,70,64
S1380,Amit,CSE,F,81,6,2023-01-15,Excellent,88,93,73,52,41,83
S1381,Amit,IT,B,82,6,2023-11-16,Needs improvement,46,64,72,77,59,50
S1382,Priya,CSE,C,84,8,2024-06-16,Excellent,67,96,83,48,61,97
S1383,Neha,ME,B,80,7,2023-01-20,Needs improvement,54,86,48,53,86,41
S1384,Divya,EEE,B,78,6,2024-12-29,Good,64,96,80,56,89,74
S1385,Divya,CSE,F,76,2,2024-10-31,Good,43,84,47,66,68,64
S1386,Priya,EEE,C,90,3,2023-07-30,Good,59,66,82,46,82,73
S1387,Mohit,EEE,F,97,3,2024-03-04,Good,72,86,79,47,58,47
S1388,Priya,CE,B,94,4,2023-09-27,Needs improvement,62,85,66,58,50,42
S1389,Kiran,CE,B,97,8,2023-12-05,Needs improvement,40,40,82,45,98,47
S1390,Divya,IT,D,79,2,2024-06-07,Good,86,86,46,97,56,81
S1391,Sneha,CE,C,83,8,2023-02-21,Good,92,51,95,42,94,58
S1392,Anjali,IT,C,88,2,2023-04-08,Good,40,94,48,82,81,50
S1393,Anjali,ME,D,94,5,2023-04-06,Excellent,92,61,51,47,65,65
S1394,Neha,ME,D,97,8,2024-03-07,Needs improvement,47,48,84,86,43,100
S1395,Rahul,CSE,D,93,8,2024-08-05,Average,51,79,64,89,62,79
S1396,Amit,IT,B,90,8,2023-04-26,Average,68,42,44,56,81,60
S1397,Amit,IT,F,99,4,2024-11-16,Excellent,73,73,84,84,79,46
S1398,Ravi,IT,B,90,6,2024-11-10,Average,49,93,92,75,97,79
S1399,Amit,CSE,B,91,8,2024-05-22,Needs improvement,44,88,71,60,55,61
S1400,Mohit,CSE,F,82,7,2024-02-17,Needs improvement,45,69,68,91,76,68
S1401,Priya,CE,D,85,2,2024-05-24,Good,46,65,66,42,75,75
S1402,Amit,CSE,F,94,5,2024-06-04,Needs improvement,81,82,69,100,61,63
S1403,Amit,ECE,D,85,8,2024-11-03,Excellent,85,68,47,46,88,82
S1404,Sneha,CSE,C,86,5,2024-07-14,Excellent,84,46,42,97,50,71
S1405,Rahul,IT,D,78,5,2024-09-17,Needs improvement,52,47,99,94,65,53
S1406,Neha,ECE,C,78,7,2023-02-17,Good,89,97,68,69,82,77
S1407,Kiran,ECE,D,75,1,2024-07-20,Average,93,77,70,99,72,89
S1408,Rahul,IT,F,80,3,2023-04-17,Average,82,78,78,96,60,72
S1409,Ravi,CE,F,97,4,2023-10-08,Average,61,58,68,91,48,48
S1410,Ravi,EEE,F,84,6,2024-12-29,Needs improvement,52,53,79,85,58,83
S1411,Anjali,IT,B,97,3,2024-05-30,Excellent,85,47,88,62,75,70
S1412,Divya,EEE,D,96,5,2024-03-08,Good,73,46,41,64,49,43
S1413,Amit,ECE,C,99,3,2023-10-21,Excellent,49,93,43,84,90,58
S1414,Sneha,EEE,A,86,8,2023-04-15,Needs improvement,87,81,75,64,55,72
S1415,Mohit,IT,A,87,7,2024-03-02,Excellent,75,43,40,87,56,52
S1416,Divya,CE,B,95,6,2024-08-25,Needs improvement,89,86,52,58,68,51
S1417,Priya,ECE,B,98,2,2024-01-22,Good,67,57,75,56,48,50
S1418,Divya,ME,A,85,8,2024-12-27,Needs improvement,42,49,99,60,78,43
S1419,Divya,IT,C,90,6,2023-03-16,Excellent,73,54,51,73,44,90
S1420,Kiran,ECE,D,92,7,2023-04-05,Excellent,54,96,53,82,61,61
S1421,Anjali,ME,B,99,8,2024-07-28,Good,47,82,62,68,55,97
S1422,Divya,EEE,B,76,6,2024-01-26,Good,64,56,74,86,58,41
S1423,Kiran,ME,F,100,8,2024-05-13,Good,58,97,81,52,60,72
S1424,Priya,CSE,B,99,1,2024-10-03,Good,53,82,80,89,53,95
S1425,Ravi,CSE,B,92,7,2024-10-24,Good,87,83,49,41,69,85
S1426,Anjali,CSE,A,77,1,2023-07-02,Excellent,75,44,76,92,54,98
S1427,Mohit,CE,D,89,7,2024-03-19,Excellent,41,64,83,47,74,40
S1428,Divya,CSE,F,76,2,2024-01-02,Good,58,90,83,59,78,45
S1429,Mohit,CE,D,87,1,2024-04-30,Needs improvement,74,54,48,87,65,90
S1430,Kiran,ME,B,84,6,2023-01-12,Needs improvement,47,42,40,76,78,65
S1431,Kiran,EEE,A,84,4,2023-12-19,Needs improvement,66,97,81,94,72,49
S1432,Rahul,ECE,B,94,5,2023-07-18,Good,51,82,91,76,94,43
S1433,Kiran,CE,F,77,5,2024-11-18,Good,56,46,52,86,77,71
S1434,Anjali,ME,B,96,4,2023-04-13,Excellent,79,44,97,52,60,71
S1435,Neha,ME,F,96,5,2024-12-11,Needs improvement,76,76,63,91,60,67
S1436,Rahul,CSE,C,82,4,2024-12-30,Average,57,93,63,48,83,86
S1437,Anjali,CE,D,89,6,2023-11-09,Average,75,46,51,81,78,45
S1438,Mohit,ECE,F,81,5,2024-10-03,Good,86,44,97,41,94,72
S1439,Amit,EEE,F,87,4,2023-02-07,Excellent,74,97,74,70,81,89
S1440,Rahul,ME,D,82,5,2023-05-18,Average,72,72,45,65,63,72
S1441,Amit,IT,B,100,3,2024-06-10,Needs improvement,68,50,51,76,100,76
S1442,Rahul,IT,D,86,1,2023-08-13,Average,54,44,56,63,54,42
S1443,Sneha,EEE,C,87,8,2024-04-10,Good,42,81,60,46,85,73
S1444,Mohit,IT,C,93,3,2024-01-21,Average,63,77,81,97,93,44
S1445,Kiran,ME,D,82,7,2023-12-28,Excellent,71,90,70,96,78,40
S1446,Kiran,ECE,D,80,4,2023-03-20,Excellent,53,49,51,50,63,78
S1447,Priya,IT,B,88,6,2023-04-27,Average,83,70,70,53,77,50
S1448,Ravi,CSE,B,76,3,2024-08-10,Needs improvement,48,80,72,42,97,76
S1449,Rahul,CSE,B,83,3,2024-06-13,Average,78,76,80,41,96,86
S1450,Mohit,CSE,B,89,8,2024-05-08,Needs improvement,54,93,66,78,49,90
S1451,Divya,ECE,F,96,5,2023-06-21,Excellent,99,69,78,77,44,54
S1452,Ravi,CE,B,78,1,2023-07-27,Average,92,49,78,46,51,70
S1453,Divya,EEE,A,100,2,2023-04-06,Average,82,48,97,78,74,92
S1454,Amit,IT,D,91,7,2024-01-15,Good,84,73,67,54,100,91
S1455,Neha,CE,C,93,2,2024-03-11,Needs improvement,56,70,89,54,98,94
S1456,Priya,ME,F,92,7,2023-09-21,Needs improvement,40,85,87,90,40,76
S1457,Kiran,CSE,F,75,7,2024-11-01,Needs improvement,84,91,60,66,63,46
S1458,Rahul,CE,F,83,5,2024-07-02,Average,76,63,79,57,83,65
S1459,Sneha,CE,F,100,8,2023-07-03,Excellent,75,75,70,56,59,76
S1460,Anjali,IT,D,98,3,2024-11-06,Good,87,54,68,90,84,100
S1461,Rahul,CSE,B,91,7,2023-12-13,Good,50,64,80,40,91,45
S1462,Rahul,CE,F,88,2,2023-03-07,Excellent,54,63,45,78,42,86
S1463,Ravi,CE,F,95,5,2024-12-29,Good,100,89,92,51,80,71
S1464,Neha,CSE,B,96,5,2023-07-19,Good,90,78,72,73,84,54
S1465,Divya,ECE,A,86,4,2024-11-01,Good,50,45,57,89,65,62
S1466,Ravi,CE,F,81,1,2024-12-21,Good,98,45,75,58,86,93
S1467,Kiran,EEE,C,86,5,2023-08-20,Needs improvement,69,99,65,76,40,56
S1468,Rahul,CE,F,78,2,2024-05-30,Excellent,61,100,47,91,72,56
S1469,Kiran,EEE,C,97,8,2024-01-22,Average,89,55,88,61,89,69
S1470,Neha,EEE,A,90,2,2023-09-22,Good,64,80,90,54,83,84
S1471,Sneha,ME,D,86,1,2024-12-18,Excellent,55,58,45,65,83,87
S1472,Anjali,CSE,F,80,8,2023-11-18,Excellent,53,97,76,57,51,100
S1473,Sneha,CE,B,82,4,2023-09-29,Needs improvement,54,52,93,55,93,79
S1474,Anjali,ECE,A,78,2,2024-11-23,Average,79,40,88,94,74,42
S1475,Neha,ME,F,85,8,2024-08-11,Excellent,71,51,88,98,72,57
S1476,Ravi,ECE,F,79,1,2024-06-22,Average,70,100,74,42,72,62
S1477,Ravi,IT,B,89,2,2024-12-16,Average,60,84,40,40,83,53
S1478,Ravi,EEE,A,85,6,2024-09-19,Excellent,51,75,56,55,57,70
S1479,Divya,ME,C,80,8,2024-03-10,Needs improvement,66,84,88,63,63,94
S1480,Ravi,ME,D,80,3,2024-08-12,Needs improvement,92,46,86,57,91,55
S1481,Kiran,CE,D,81,3,2023-06-03,Average,91,40,51,66,71,48
S1482,Kiran,EEE,C,100,8,2023-11-04,Excellent,75,94,76,43,65,46
S1483,Rahul,CSE,B,83,8,2024-10-06,Good,68,87,61,56,63,63
S1484,Kiran,EEE,C,86,1,2024-02-26,Good,62,95,83,78,52,76
S1485,Divya,IT,F,80,5,2023-12-30,Excellent,83,72,71,89,87,68
S1486,Priya,CE,F,84,8,2024-10-08,Needs improvement,95,50,80,91,99,61
S1487,Ravi,IT,F,93,7,2023-03-15,Good,50,61,54,60,60,81
S1488,Mohit,IT,C,94,7,2023-10-05,Average,89,95,100,63,87,77
S1489,Kiran,CE,D,80,3,2023-01-24,Needs improvement,86,55,82,56,100,87
S1490,Priya,ECE,B,87,2,2023-04-08,Good,99,96,70,75,43,41
S1491,Ravi,EEE,A,78,5,2024-09-24,Needs improvement,45,81,99,96,64,59
S1492,Sneha,ECE,C,89,3,2023-05-15,Needs improvement,41,42,82,62,95,98
S1493,Anjali,CE,D,92,5,2024-07-15,Average,48,100,84,74,51,77
S1494,Divya,CE,F,88,5,2023-12-22,Average,74,54,91,45,68,59
S1495,Anjali,CE,C,79,5,2023-01-11,Good,73,92,88,94,48,62
S1496,Mohit,CE,F,75,8,2024-05-03,Excellent,40,89,67,91,58,78
S1497,Sneha,CSE,F,86,4,2024-02-26,Average,65,55,50,85,87,81
S1498,Ravi,CE,B,83,2,2024-03-08,Needs improvement,73,88,91,98,79,91
S1499,Mohit,ME,F,100,5,2024-02-27,Needs improvement,94,44,51,48,58,47
